One,OneCity,OneState,OneCountry
Two,TwoCity,TwoState,TwoCountry
Three,ThreeCity,ThreeState,ThreeCountry
Four,FourCity,FourState,FourCountry
Five,FiveCity,FiveState,FiveCountry
Six,SixCity,SixState,SixCountry
Seven,SevenCity,SevenState,SevenCountry
Eight,EightCity,EightState,EightCountry
Nine,NineCity,NineState,NineCountry
Ten,TenCity,TenState,TenCountry
Eleven,ElevenCity,ElevenState,ElevenCountry
Twelve,TwelveCity,TwelveState,TwelveCountry
Thirteen,ThirteenCity,ThirteenState,ThirteenCountry
Fourteen,FourteenCity,FourteenState,FourteenCountry
Fifteen,FifteenCity,FifteenState,FifteenCountry
Sixteen,SixteenCity,SixteenState,SixteenCountry
Seventeen,SeventeenCity,SeventeenState,SeventeenCountry
Eighteen,EighteenCity,EighteenState,EighteenCountry
Nineteen,NineteenCity,NineteenState,NineteenCountry
Twenty,TwentyCity,TwentyState,TwentyCountry
TwentyOne,TwentyOneCity,TwentyOneState,TwentyOneCountry
TwentyTwo,TwentyTwoCity,TwentyTwoState,TwentyTwoCountry
One,OneCity,OneState,OneCountry
Two,TwoCity,TwoState,TwoCountry
Three,ThreeCity,ThreeState,ThreeCountry
Four,FourCity,FourState,FourCountry
Five,FiveCity,FiveState,FiveCountry
Six,SixCity,SixState,SixCountry
Seven,SevenCity,SevenState,SevenCountry
Eight,EightCity,EightState,EightCountry
Nine,NineCity,NineState,NineCountry
Ten,TenCity,TenState,TenCountry
Eleven,ElevenCity,ElevenState,ElevenCountry
Twelve,TwelveCity,TwelveState,TwelveCountry
Thirteen,ThirteenCity,ThirteenState,ThirteenCountry
Fourteen,FourteenCity,FourteenState,FourteenCountry
Fifteen,FifteenCity,FifteenState,FifteenCountry
Sixteen,SixteenCity,SixteenState,SixteenCountry
Seventeen,SeventeenCity,SeventeenState,SeventeenCountry
Eighteen,EighteenCity,EighteenState,EighteenCountry
Nineteen,NineteenCity,NineteenState,NineteenCountry
Twenty,TwentyCity,TwentyState,TwentyCountry
TwentyOne,TwentyOneCity,TwentyOneState,TwentyOneCountry
TwentyTwo,TwentyTwoCity,TwentyTwoState,TwentyTwoCountry
One,OneCity,OneState,OneCountry
Two,TwoCity,TwoState,TwoCountry
Three,ThreeCity,ThreeState,ThreeCountry
Four,FourCity,FourState,FourCountry
Five,FiveCity,FiveState,FiveCountry
Six,SixCity,SixState,SixCountry
Seven,SevenCity,SevenState,SevenCountry
Eight,EightCity,EightState,EightCountry
Nine,NineCity,NineState,NineCountry
Ten,TenCity,TenState,TenCountry
Eleven,ElevenCity,ElevenState,ElevenCountry
Twelve,TwelveCity,TwelveState,TwelveCountry
Thirteen,ThirteenCity,ThirteenState,ThirteenCountry
Fourteen,FourteenCity,FourteenState,FourteenCountry
Fifteen,FifteenCity,FifteenState,FifteenCountry
Sixteen,SixteenCity,SixteenState,SixteenCountry
Seventeen,SeventeenCity,SeventeenState,SeventeenCountry
Eighteen,EighteenCity,EighteenState,EighteenCountry
Nineteen,NineteenCity,NineteenState,NineteenCountry
Twenty,TwentyCity,TwentyState,TwentyCountry
TwentyOne,TwentyOneCity,TwentyOneState,TwentyOneCountry
TwentyTwo,TwentyTwoCity,TwentyTwoState,TwentyTwoCountry
